date,1. open,2. high,3. low,4. close,5. adjusted close,6. volume,7. dividend amount,8. split coefficient
2018-09-06,75.09,75.15,75.09,75.13,70.0034049495,33125.0,0.0,1.0
2018-09-07,75.05,75.05,74.94,74.96,69.8450051247,60351.0,0.0,1.0
2018-09-10,75.0,75.04,74.95,75.0,69.8822756717,57187.0,0.0,1.0
2018-09-11,74.99,74.99,74.88,74.925,69.812393396,99696.0,0.0,1.0
2018-09-12,74.97,75.0,74.97,74.97,69.8543227614,33557.0,0.0,1.0
2018-09-13,75.07,75.07,74.97,74.97,69.8543227614,24309.0,0.0,1.0
2018-09-14,74.93,74.93,74.87,74.88,69.7704640306,32996.0,0.0,1.0
2018-09-17,74.89,74.93,74.85,74.9,69.7890993041,26918.0,0.0,1.0
2018-09-18,74.91,74.91,74.79,74.8,69.6959229366,17420.0,0.0,1.0
2018-09-19,74.78,74.78,74.67,74.7,69.602746569,24594.0,0.0,1.0
2018-09-20,74.7,74.77,74.67,74.74,69.640017116,18788.0,0.0,1.0
2018-09-21,74.81,74.81,74.75,74.77,69.6679700263,23145.0,0.0,1.0
2018-09-24,74.72,74.72,74.65,74.65,69.5561583852,28116.0,0.0,1.0
2018-09-25,74.64,74.64,74.57,74.6,69.5095702014,19144.0,0.0,1.0
2018-09-26,74.75,74.77,74.67,74.76,69.6586523895,10926.0,0.0,1.0
2018-09-27,74.8,74.81,74.73,74.81,69.7052405733,14546.0,0.0,1.0
2018-09-28,74.86,74.86,74.78,74.78,69.677287663,12206.0,0.0,1.0
2018-10-01,74.6,74.6,74.55,74.55,69.5726506023,11682.0,0.1177,1.0
2018-10-02,74.57,74.65,74.57,74.65,69.6659740773,8339.0,0.0,1.0
2018-10-03,74.62,74.62,74.35,74.38,69.4140006948,14535.0,0.0,1.0
2018-10-04,74.32,74.32,74.2,74.22,69.2646831348,14869.0,0.0,1.0
2018-10-05,74.18,74.18,74.02,74.05,69.1060332273,11478.0,0.0,1.0
2018-10-08,74.18,74.18,74.05,74.09,69.1433626173,5951.0,0.0,1.0
2018-10-09,74.1,74.14,74.08,74.14,69.1900243548,4607.0,0.0,1.0
2018-10-10,74.08,74.12,74.03,74.12,69.1713596598,13314.0,0.0,1.0
2018-10-11,74.25,74.29,74.18,74.27,69.3113448723,12650.0,0.0,1.0
2018-10-12,74.29,74.35,74.22,74.3,69.3393419148,7871.0,0.0,1.0
2018-10-15,74.36,74.36,74.28,74.29,69.3300095673,6009.0,0.0,1.0
2018-10-16,74.35,74.36,74.3,74.35,69.3860036523,7793.0,0.0,1.0
2018-10-17,74.42,74.42,74.32,74.32,69.3580066098,9675.0,0.0,1.0
2018-10-18,74.31,74.36,74.19,74.33,69.3673389573,5508.0,0.0,1.0
2018-10-19,74.3,74.3,74.28,74.29,69.3300095673,5178.0,0.0,1.0
2018-10-22,74.29,74.32,74.27,74.29,69.3300095673,9690.0,0.0,1.0
2018-10-23,74.35,74.44,74.35,74.44,69.4699947798,6375.0,0.0,1.0
2018-10-24,74.48,74.51,74.48,74.51,69.5353212123,6484.0,0.0,1.0
2018-10-25,74.45,74.51,74.44,74.5,69.5259888648,3321.0,0.0,1.0
2018-10-26,74.66,74.72,74.63,74.67,69.6846387723,19342.0,0.0,1.0
2018-10-29,74.52,74.64,74.52,74.64,69.6566417298,8266.0,0.0,1.0
2018-10-30,74.58,74.58,74.46,74.46,69.4886594748,2139.0,0.0,1.0
2018-10-31,74.48,74.48,74.42,74.43,69.4606624323,17480.0,0.0,1.0
2018-11-01,74.33,74.33,74.3,74.31,69.4663551643,1189.0,0.1261,1.0
2018-11-02,74.29,74.29,74.18,74.18,69.3448287725,5799.0,0.0,1.0
2018-11-05,74.2,74.26,74.19,74.22,69.3822215084,2133.0,0.0,1.0
2018-11-06,74.28,74.28,74.21,74.21,69.3728733245,6715.0,0.0,1.0
2018-11-07,74.26,74.26,74.21,74.22,69.3822215084,2087.0,0.0,1.0
2018-11-08,74.27,74.27,74.17,74.17,69.3354805885,2015.0,0.0,1.0
2018-11-09,74.1,74.3,74.1,74.28,69.4383106123,7709.0,0.0,1.0
2018-11-12,74.44,74.44,74.35,74.35,69.5037479002,3951.0,0.0,1.0
2018-11-13,74.38,74.38,74.32,74.33,69.4850515322,8873.0,0.0,1.0
2018-11-14,74.33,74.35,74.28,74.35,69.5037479002,13422.0,0.0,1.0
2018-11-15,74.39,74.44,74.38,74.38,69.5317924521,3439.0,0.0,1.0
2018-11-16,74.47,74.49,74.46,74.47,69.615926108,48216.0,0.0,1.0
2018-11-19,74.5,74.5,74.46,74.49,69.6346224759,96718.0,0.0,1.0
2018-11-20,74.49,74.5,74.46,74.48,69.6252742919,24086.0,0.0,1.0
2018-11-21,74.51,74.53,74.48,74.53,69.6720152119,163376.0,0.0,1.0
2018-11-23,74.53,74.5999,74.53,74.58,69.7187561318,4477.0,0.0,1.0
2018-11-26,74.57,74.57,74.52,74.54,69.6813633958,20132.0,0.0,1.0
2018-11-27,74.6,74.63,74.56,74.6,69.7374524997,11517.0,0.0,1.0
2018-11-28,74.59,74.66,74.55,74.6,69.7374524997,15155.0,0.0,1.0
2018-11-29,74.72,74.72,74.62,74.67,69.8028897876,14914.0,0.0,1.0
2018-11-30,74.73,74.73,74.69,74.7,69.8309343395,27412.0,0.0,1.0
2018-12-03,74.61,74.7,74.61,74.66,69.910019976,28024.0,0.1246,1.0
2018-12-04,74.8,74.92,74.78,74.86,70.0972956791,12478.0,0.0,1.0
2018-12-06,75.05,75.06,74.937,74.937,70.1693968248,15525.0,0.0,1.0
2018-12-07,74.97,75.07,74.92,75.07,70.2939351674,9767.0,0.0,1.0
2018-12-10,75.1,75.14,74.99,75.12,70.3407540932,20601.0,0.0,1.0
2018-12-11,75.01,75.18,75.01,75.11,70.331390308,11772.0,0.0,1.0
2018-12-12,75.02,75.08,75.02,75.04,70.2658438119,21514.0,0.0,1.0
2018-12-13,75.0,75.11,75.0,75.09,70.3126627377,7051.0,0.0,1.0
2018-12-14,75.15,75.21,75.11,75.17,70.387573019,42675.0,0.0,1.0
2018-12-17,75.09,75.25,75.09,75.25,70.4624833002,23473.0,0.0,1.0
2018-12-18,75.24,75.39,75.23,75.38,70.5842125073,64429.0,0.0,1.0
2018-12-19,75.37,75.53,75.37,75.48,70.6778503588,30901.0,0.0,1.0
2018-12-20,75.51,75.56,75.4,75.47,70.6684865737,43781.0,0.0,1.0
2018-12-21,75.46,75.46,75.33,75.35,70.5561211518,45029.0,0.0,1.0
2018-12-24,74.62,74.62,74.51,74.54,70.6175475824,20697.0,0.8756,1.0
2018-12-26,74.63,74.63,74.45,74.47,70.5512311304,10949.0,0.0,1.0
2018-12-27,74.53,74.75,74.53,74.65,70.7217591498,17017.0,0.0,1.0
2018-12-28,74.61,74.69,74.5476,74.615,70.6886009238,32250.0,0.0,1.0
2018-12-31,74.65,74.85,74.6286,74.7885,70.852970987,33278.0,0.0,1.0
2019-01-02,74.88,74.96,74.88,74.96,71.0154462943,52551.0,0.0,1.0
2019-01-03,74.95,75.14,74.9,75.05,71.100710304,10041.0,0.0,1.0
2019-01-04,74.9,74.97,74.85,74.91,70.9680774,13824.0,0.0,1.0
2019-01-07,74.95,74.95,74.73,74.73,70.7975493807,11520.0,0.0,1.0
2019-01-08,74.73,74.75,74.62,74.62,70.6933378133,15022.0,0.0,1.0
2019-01-09,74.76,74.83,74.71,74.83,70.8922871692,6877.0,0.0,1.0
2019-01-10,74.82,74.83,74.68,74.72,70.7880756018,8013.0,0.0,1.0
2019-01-11,74.86,74.91,74.8,74.83,70.8922871692,43125.0,0.0,1.0
2019-01-14,74.8,74.86,74.78,74.78,70.8449182749,10851.0,0.0,1.0
2019-01-15,74.96,74.96,74.83,74.89,70.9491298423,8754.0,0.0,1.0
2019-01-16,74.85,74.96,74.84,74.89,70.9491298423,15775.0,0.0,1.0
2019-01-17,74.97,74.97,74.92,74.93,70.9870249577,7723.0,0.0,1.0
2019-01-18,74.92,74.92,74.85,74.89,70.9491298423,14617.0,0.0,1.0
2019-01-22,74.91,75.0496,74.91,75.02,71.0722889674,24072.0,0.0,1.0
2019-01-23,75.01,75.12,75.01,75.07,71.1196578617,16349.0,0.0,1.0
2019-01-24,75.25,75.27,75.23,75.24,71.2807121022,2059.0,0.0,1.0
2019-01-25,75.16,75.24,75.16,75.24,71.2807121022,28454.0,0.0,1.0
2019-01-28,75.2,75.24,75.14,75.14,71.1859743137,26331.0,0.0,1.0
2019-01-29,75.28,75.33,75.23,75.3,71.3375547754,8913.0,0.0,1.0
2019-01-30,75.3,75.41,75.26,75.41,71.4417663428,8197.0,0.0,1.0
2019-01-31,75.55,75.62,75.55,75.59,71.6122943621,24454.0,0.0,1.0
2019-02-01,75.43,75.43,75.32,75.37,71.5228618898,5865.0,0.1256,1.0
2019-02-04,75.34,75.35,75.23,75.3,71.456434925,37416.0,0.0,1.0
2019-02-05,75.36,75.47,75.36,75.42,71.5703097217,5554.0,0.0,1.0
2019-02-06,75.47,75.48,75.4,75.44,71.5892888545,8139.0,0.0,1.0
2019-02-07,75.51,75.52,75.46,75.51,71.6557158192,3514.0,0.0,1.0
2019-02-08,75.57,75.63,75.55,75.61,71.7506114831,10552.0,0.0,1.0
2019-02-11,75.54,75.61,75.54,75.57,71.7126532176,9957.0,0.0,1.0
2019-02-12,75.56,75.58,75.51,75.51,71.6557158192,17592.0,0.0,1.0
2019-02-13,75.41,75.5,75.41,75.46,71.6082679873,6197.0,0.0,1.0
2019-02-14,75.67,75.67,75.55,75.55,71.6936740848,9513.0,0.0,1.0
2019-02-15,75.49,75.63,75.49,75.6,71.7411219168,17351.0,0.0,1.0
2019-02-19,75.56,75.678,75.56,75.655,71.7933145319,7380.0,0.0,1.0
2019-02-20,75.59,75.7,75.59,75.65,71.7885697487,31792.0,0.0,1.0
2019-02-21,75.6,75.62,75.575,75.591,71.732581307,7127.0,0.0,1.0
2019-02-22,75.71,75.75,75.6705,75.75,71.8834654126,4786.0,0.0,1.0
2019-02-25,75.7,75.72,75.6506,75.66,71.7980593151,21200.0,0.0,1.0
2019-02-26,75.78,75.78,75.7,75.72,71.8549967135,4081.0,0.0,1.0
2019-02-27,75.7,75.7,75.55,75.62,71.7601010495,17784.0,0.0,1.0
2019-02-28,75.58,75.58,75.48,75.52,71.6652053856,4900.0,0.0,1.0
2019-03-01,75.34,75.34,75.28,75.28,71.5475347624,7780.0,0.116,1.0
2019-03-04,75.36,75.4,75.32,75.4,71.6615850303,12100.0,0.0,1.0
2019-03-05,75.4,75.48,75.39,75.48,71.7376185423,9302.0,0.0,1.0
2019-03-06,75.54,75.61,75.54,75.6,71.8516688103,10213.0,0.0,1.0
2019-03-07,75.74,75.85,75.72,75.83,72.0702651572,26467.0,0.0,1.0
2019-03-08,75.84,75.91,75.82,75.88,72.1177861021,6923.0,0.0,1.0
2019-03-11,75.9,75.9,75.86,75.87,72.1082819131,14091.0,0.0,1.0
2019-03-12,75.87,75.97,75.87,75.97,72.2033238031,5888.0,0.0,1.0
2019-03-13,75.95,75.97,75.94,75.97,72.2033238031,8230.0,0.0,1.0
2019-03-14,75.96,75.97,75.91,75.93,72.1653070471,11837.0,0.0,1.0
2019-03-15,76.035,76.045,75.995,76.02,72.2508447481,9982.0,0.0,1.0
2019-03-18,75.94,76.02,75.94,75.99,72.2223321811,6330.0,0.0,1.0
2019-03-19,75.98,76.0496,75.96,76.04,72.2698531261,18342.0,0.0,1.0
2019-03-20,76.02,76.22,76.02,76.22,72.440928528,6639.0,0.0,1.0
2019-03-21,76.37,76.37,76.29,76.31,72.526466229,9364.0,0.0,1.0
2019-03-22,76.61,76.64,76.6,76.6,72.8020877099,3645.0,0.0,1.0
2019-03-25,76.66,76.83,76.62,76.75,72.9446505448,15794.0,0.0,1.0
2019-03-26,76.66,76.74,76.66,76.71,72.9066337888,7254.0,0.0,1.0
2019-03-27,76.82,76.91,76.82,76.89,73.0777091907,22433.0,0.0,1.0
2019-03-28,76.87,76.91,76.84,76.87,73.0587008128,11787.0,0.0,1.0
2019-03-29,76.75,76.85,76.72,76.84,73.0301882458,20289.0,0.0,1.0
2019-04-01,76.6,76.6,76.44,76.44,72.7695833835,22058.0,0.1258,1.0
2019-04-02,76.44,76.55,76.44,76.52,72.8457420265,9974.0,0.0,1.0
2019-04-03,76.52,76.52,76.34,76.35,72.6839049101,11277.0,0.0,1.0
2019-04-04,76.4,76.47,76.37,76.46,72.7886230442,2443.0,0.0,1.0
2019-04-05,76.43,76.48,76.41,76.48,72.807662705,9872.0,0.0,1.0
2019-04-08,76.48,76.48,76.43,76.44,72.7695833835,19960.0,0.0,1.0
2019-04-09,76.45,76.56,76.45,76.53,72.8552618569,13805.0,0.0,1.0
2019-04-10,76.51,76.62,76.51,76.61,72.9314204999,10852.0,0.0,1.0
2019-04-11,76.6,76.6,76.51,76.51,72.8362221961,7681.0,0.0,1.0
2019-04-12,76.38,76.46,76.38,76.41,72.7410238924,3695.0,0.0,1.0
2019-04-15,76.36,76.4,76.36,76.38,72.7124644012,9193.0,0.0,1.0
2019-04-16,76.37,76.37,76.275,76.275,72.6125061823,19823.0,0.0,1.0
2019-04-17,76.25,76.31,76.25,76.27,72.6077462671,6518.0,0.0,1.0
2019-04-18,76.35,76.44,76.35,76.42,72.7505437227,7161.0,0.0,1.0
2019-04-22,76.41,76.41,76.35,76.36,72.6934247405,13082.0,0.0,1.0
2019-04-23,76.45,76.48,76.42,76.48,72.807662705,24434.0,0.0,1.0
2019-04-24,76.58,76.65,76.58,76.64,72.959979991,12830.0,0.0,1.0
2019-04-25,76.64,76.66,76.48,76.6,72.9219006695,22915.0,0.0,1.0
2019-04-26,76.74,76.76,76.725,76.74,73.0551782947,3928.0,0.0,1.0
2019-04-29,76.66,76.68,76.64,76.64,72.959979991,11648.0,0.0,1.0
2019-04-30,76.53,76.73,76.53,76.71,73.0266188036,12370.0,0.0,1.0
2019-05-01,76.58,76.71,76.58,76.59,73.0331874866,10426.0,0.1269,1.0
2019-05-02,76.61,76.61,76.49,76.51,72.9569026583,18670.0,0.0,1.0
2019-05-03,76.62,76.63,76.57,76.58,73.023651883,7431.0,0.0,1.0
2019-05-06,76.65,76.66,76.55,76.61,73.0522586936,24444.0,0.0,1.0
2019-05-07,76.61,76.77,76.61,76.7,73.1380791255,10438.0,0.0,1.0
2019-05-08,76.7,76.82,76.7,76.71,73.147614729,4801.0,0.0,1.0
2019-05-09,76.77,76.79,76.7,76.74,73.1762215396,19289.0,0.0,1.0
2019-05-10,76.74,76.8,76.68,76.7,73.1380791255,13799.0,0.0,1.0
2019-05-13,76.81,76.87,76.76,76.85,73.2811131785,5228.0,0.0,1.0
2019-05-14,76.85,76.9,76.82,76.87,73.3001843856,16914.0,0.0,1.0
2019-05-15,77.02,77.02,76.94,77.0,73.4241472316,5403.0,0.0,1.0
2019-05-16,76.92,77.01,76.91,76.91,73.3383267997,10738.0,0.0,1.0
2019-05-17,77.03,77.03,76.93,76.98,73.4050760245,6580.0,0.0,1.0
2019-05-20,77.03,77.03,76.91,76.91,73.3383267997,5599.0,0.0,1.0
2019-05-21,76.93,76.93,76.88,76.88,73.3097199891,10285.0,0.0,1.0
2019-05-22,76.94,77.04,76.94,77.04,73.4622896457,2632.0,0.0,1.0
2019-05-23,77.13,77.26,77.09,77.22,73.6339305094,5009.0,0.0,1.0
2019-05-24,77.21,77.28,77.19,77.28,73.6911441306,8107.0,0.0,1.0
2019-05-28,77.28,77.39,77.28,77.39,73.7960357695,5590.0,0.0,1.0
2019-05-29,77.48,77.48,77.43,77.45,73.8532493907,9611.0,0.0,1.0
2019-05-30,77.47,77.56,77.43,77.56,73.9581410296,32553.0,0.0,1.0
2019-05-31,77.69,77.79,77.66,77.79,74.177459911,21328.0,0.0,1.0
2019-06-03,77.74,77.81,77.67,77.81,74.3144865338,19470.0,0.1237,1.0
2019-06-04,77.86,77.86,77.74,77.7484,74.255653834,5212.0,0.0,1.0
2019-06-05,77.88,77.88,77.81,77.82,74.3240372967,8684.0,0.0,1.0
2019-06-06,77.88,77.93,77.88,77.9,74.4004434003,11270.0,0.0,1.0
2019-06-07,78.03,78.1049,78.01,78.0445,74.538451925,12582.0,0.0,1.0
2019-06-10,77.92,77.95,77.9,77.91,74.4099941633,11948.0,0.0,1.0
2019-06-11,77.93,77.95,77.91,77.93,74.4290956892,8215.0,0.0,1.0
2019-06-12,77.94,78.02,77.94,78.0,74.4959510299,4314.0,0.0,1.0
2019-06-13,78.05,78.15,78.05,78.12,74.6105601853,15265.0,0.0,1.0
2019-06-14,78.11,78.19,78.11,78.17,74.6583140001,9655.0,0.0,1.0
2019-06-17,78.16,78.2,78.14,78.18,74.667864763,21357.0,0.0,1.0
2019-06-18,78.41,78.51,78.41,78.43,74.9066338368,11582.0,0.0,1.0
2019-06-19,78.36,78.59,78.3301,78.58,75.0498952811,12099.0,0.0,1.0
2019-06-20,78.75,78.81,78.7,78.72,75.1836059625,12964.0,0.0,1.0
2019-06-21,78.59,78.59,78.48,78.52,74.9925907034,12674.0,0.0,1.0
2019-06-24,78.62,78.68,78.62,78.68,75.1454029106,11600.0,0.0,1.0
2019-06-25,78.77,78.77,78.65,78.72,75.1836059625,22830.0,0.0,1.0
2019-06-26,78.69,78.69,78.56,78.56,75.0307937552,12463.0,0.0,1.0
2019-06-27,78.62,78.72,78.56,78.71,75.1740551995,13640.0,0.0,1.0
2019-06-28,78.73,78.79,78.72,78.78,75.2409105402,10788.0,0.0,1.0
2019-07-01,78.68,78.73,78.61,78.67,75.2495062268,25943.0,0.119,1.0
2019-07-02,78.69,78.85,78.69,78.82,75.3929843752,11421.0,0.0,1.0
2019-07-03,79.0,79.08,79.0,79.06,75.6225494126,7883.0,0.0,1.0
2019-07-05,78.84,78.84,78.7,78.83,75.4025495851,18274.0,0.0,1.0
2019-07-08,78.88,78.91,78.82,78.83,75.4025495851,15919.0,0.0,1.0
2019-07-09,78.81,78.81,78.76,78.78,75.3547235356,14725.0,0.0,1.0
2019-07-10,78.75,78.75,78.69,78.71,75.2877670664,9779.0,0.0,1.0
2019-07-11,78.64,78.67,78.48,78.52,75.1060280784,21789.0,0.0,1.0
2019-07-12,78.5,78.51,78.43,78.49,75.0773324488,4262.0,0.0,1.0
2019-07-15,78.62,78.67,78.61,78.66,75.2399410169,12573.0,0.0,1.0
2019-07-16,78.62,78.67,78.54,78.64,75.2208105972,11383.0,0.0,1.0
2019-07-17,78.72,78.84,78.72,78.84,75.412114795,16622.0,0.0,1.0
2019-07-18,78.83,78.97,78.83,78.94,75.5077668939,4515.0,0.0,1.0
2019-07-19,78.92,78.97,78.92,78.94,75.5077668939,13481.0,0.0,1.0
2019-07-22,79.04,79.04,78.96,79.0,75.5651581533,15352.0,0.0,1.0
2019-07-23,79.0,79.02,78.97,78.99,75.5555929434,9559.0,0.0,1.0
2019-07-24,79.09,79.12,79.09,79.11,75.6703754621,7284.0,0.0,1.0
2019-07-25,79.12,79.12,79.03,79.03,75.593853783,9417.0,0.0,1.0
2019-07-26,79.09,79.09,79.04,79.04,75.6034189929,15525.0,0.0,1.0
2019-07-29,79.13,79.15,79.05,79.11,75.6703754621,15832.0,0.0,1.0
2019-07-30,79.11,79.13,79.07,79.11,75.6703754621,17259.0,0.0,1.0
2019-07-31,79.15,79.27,79.15,79.22,75.7755927709,19827.0,0.0,1.0
2019-08-01,79.2,79.47,79.19,79.44,76.104444687,8036.0,0.1238,1.0
2019-08-02,79.46,79.57,79.46,79.51,76.1715055019,11835.0,0.0,1.0
2019-08-05,79.82,79.83,79.74,79.83,76.4780692267,16161.0,0.0,1.0
2019-08-06,79.78,79.91,79.78,79.89,76.5355499251,15973.0,0.0,1.0
2019-08-07,80.34,80.34,80.13,80.13,76.7654727187,11186.0,0.0,1.0
2019-08-08,79.94,80.05,79.89,80.03,76.6696715547,5780.0,0.0,1.0
2019-08-09,80.03,80.1,79.95,79.95,76.5930306235,14008.0,0.0,1.0
2019-08-12,80.11,80.25,80.07,80.23,76.8612738827,26011.0,0.0,1.0
2019-08-13,80.29,80.29,80.13,80.25,76.8804341155,11087.0,0.0,1.0
2019-08-14,80.47,80.51,80.42,80.5,77.1199370255,7284.0,0.0,1.0
2019-08-15,80.58,80.96,80.58,80.86,77.4648212159,13415.0,0.0,1.0
2019-08-16,80.82,80.85,80.45,80.81,77.4169206339,28636.0,0.0,1.0
2019-08-19,80.54,80.63,80.5,80.58,77.1965779567,13476.0,0.0,1.0
2019-08-20,80.72,80.74,80.65,80.74,77.3498598191,27213.0,0.0,1.0
2019-08-21,80.63,80.74,80.6,80.68,77.2923791207,15463.0,0.0,1.0
2019-08-22,80.52,80.55,80.48,80.49,77.1103569091,11797.0,0.0,1.0
2019-08-23,80.52,80.73,80.44,80.69,77.3019592371,18115.0,0.0,1.0
2019-08-26,80.73,80.78,80.66,80.66,77.2732188879,10591.0,0.0,1.0
2019-08-27,80.78,80.92,80.78,80.87,77.4744013323,10730.0,0.0,1.0
2019-08-28,81.16,81.16,81.07,81.08,77.6755837768,14505.0,0.0,1.0
2019-08-29,81.05,81.15,80.96,81.07,77.6660036604,12201.0,0.0,1.0
2019-08-30,81.02,81.03,80.9,81.03,77.6276831948,10001.0,0.0,1.0
2019-09-03,80.9,81.11,80.9,81.0,77.7308610484,24099.0,0.1377,1.0
2019-09-04,80.81,80.96,80.81,80.93,77.6636862302,10402.0,0.0,1.0
2019-09-05,80.69,80.69,80.45,80.54,77.2894265289,23719.0,0.0,1.0
2019-09-06,80.63,80.7,80.63,80.68,77.4237761652,9133.0,0.0,1.0
2019-09-09,80.42,80.43,80.32,80.36,77.1166912821,16619.0,0.0,1.0
2019-09-10,80.25,80.25,79.98,79.98,76.7520279833,65544.0,0.0,1.0
2019-09-11,79.95,80.07,79.95,79.98,76.7520279833,23694.0,0.0,1.0
2019-09-12,80.15,80.23,79.88,79.88,76.6560639574,13476.0,0.0,1.0
2019-09-13,79.68,79.71,79.4,79.41,76.2050330352,21364.0,0.0,1.0
2019-09-16,79.6,79.7,79.6,79.65,76.4353466976,10845.0,0.0,1.0
2019-09-17,79.76,79.84,79.73,79.8,76.5792927366,5786.0,0.0,1.0
2019-09-18,79.98,80.07,79.89,79.94,76.7136423729,17689.0,0.0,1.0
2019-09-19,80.04,80.08,79.99,79.99,76.7616243859,26880.0,0.0,1.0
2019-09-20,80.09,80.21,80.05,80.19,76.9535524379,11773.0,0.0,1.0
2019-09-23,80.37,80.48,80.37,80.4,77.1550768925,15966.0,0.0,1.0
2019-09-24,80.39,80.59,80.38,80.57,77.3182157367,6922.0,0.0,1.0
2019-09-25,80.55,80.55,80.32,80.36,77.1166912821,24677.0,0.0,1.0
2019-09-26,80.38,80.47,80.38,80.42,77.1742696977,15886.0,0.0,1.0
2019-09-27,80.42,80.49,80.41,80.47,77.2222517107,12730.0,0.0,1.0
2019-09-30,80.31,80.46,80.31,80.43,77.1838661003,22665.0,0.0,1.0
2019-10-01,80.14,80.43,80.1,80.37,77.2388534872,64123.0,0.1173,1.0
2019-10-02,80.39,80.45,80.38,80.4,77.2676847128,18798.0,0.0,1.0
2019-10-03,80.57,80.74,80.53,80.69,77.5463865606,22124.0,0.0,1.0
2019-10-04,80.68,80.76,80.68,80.76,77.6136594205,16618.0,0.0,1.0
2019-10-07,80.67,80.67,80.57,80.58,77.4406720666,22321.0,0.0,1.0
2019-10-08,80.61,80.6999,80.57,80.61,77.4695032923,29809.0,0.0,1.0
2019-10-09,80.55,80.59,80.47,80.56,77.4214512495,40930.0,0.0,1.0
2019-10-10,80.34,80.34,80.19,80.19,77.0658661333,16973.0,0.0,1.0
2019-10-11,80.0,80.03,79.91,79.95,76.8352163282,19984.0,0.0,1.0
2019-10-14,80.1,80.11,80.05,80.11,76.988982865,45521.0,0.0,1.0
2019-10-15,80.1,80.12,79.89,79.91,76.796774694,24246.0,0.0,1.0
2019-10-16,79.86,79.94,79.86,79.88,76.7679434684,219668.0,0.0,1.0
2019-10-17,79.89,80.02,79.89,80.0,76.8832683709,6236.0,0.0,1.0
2019-10-18,79.93,79.99,79.93,79.93,76.8159955111,12538.0,0.0,1.0
2019-10-21,79.74,79.84,79.74,79.78,76.6718393829,13887.0,0.0,1.0
2019-10-22,79.92,79.92,79.8,79.89,76.7775538769,8792.0,0.0,1.0
2019-10-23,79.95,80.04,79.95,79.95,76.8352163282,13631.0,0.0,1.0
2019-10-24,79.98,80.07,79.98,80.03,76.9120995966,9327.0,0.0,1.0
2019-10-25,80.0,80.0,79.83,79.87,76.7583330598,12295.0,0.0,1.0
2019-10-28,79.75,79.75,79.61,79.69,76.585345706,22661.0,0.0,1.0
2019-10-29,79.75,79.75,79.69,79.73,76.6237873402,8349.0,0.0,1.0
2019-10-30,79.81,79.95,79.79,79.95,76.8352163282,13686.0,0.0,1.0
2019-10-31,80.06,80.26,80.06,80.22,77.094697359,8062.0,0.0,1.0
2019-11-01,80.1,80.1,79.92,80.03,77.0324219116,14848.0,0.1252,1.0
2019-11-04,79.89,79.89,79.8,79.82,76.8302876044,21697.0,0.0,1.0
2019-11-05,79.65,79.65,79.54,79.61,76.6281532973,14030.0,0.0,1.0
2019-11-06,79.64,79.72,79.59,79.71,76.7244077293,30620.0,0.0,1.0
2019-11-07,79.45,79.46,79.19,79.32,76.3490154445,25190.0,0.0,1.0
2019-11-08,79.27,79.39,79.26,79.28,76.3105136718,15408.0,0.0,1.0
2019-11-11,79.25,79.36,79.23,79.27,76.3008882286,13709.0,0.0,1.0
2019-11-12,79.27,79.32,79.22,79.3,76.3297645582,8084.0,0.0,1.0
2019-11-13,79.47,79.54,79.46,79.5,76.5222734221,52236.0,0.0,1.0
2019-11-14,79.66,79.71,79.65,79.68,76.6955313997,113248.0,0.0,1.0
2019-11-15,79.6,79.68,79.6,79.66,76.6762805133,15164.0,0.0,1.0
2019-11-18,79.71,79.74,79.66,79.71,76.7244077293,39044.0,0.0,1.0
2019-11-19,79.69,79.8,79.69,79.77,76.7821603884,33500.0,0.0,1.0
2019-11-20,79.89,79.95,79.86,79.94,76.9457929228,40754.0,0.0,1.0
2019-11-21,79.81,79.85,79.78,79.81,76.8206621612,35106.0,0.0,1.0
2019-11-22,79.9,79.9,79.83,79.89,76.8976657068,23636.0,0.0,1.0
2019-11-25,79.94,79.97,79.9,79.94,76.9457929228,90509.0,0.0,1.0
2019-11-26,80.04,80.08,80.04,80.06,77.0612982412,101012.0,0.0,1.0
2019-11-27,80.0,80.04,80.0,80.01,77.0131710252,23985.0,0.0,1.0
2019-11-29,79.97,79.98,79.91,79.93,76.9361674796,8771.0,0.0,1.0
2019-12-02,79.58,79.6,79.49,79.6,76.7323005927,20803.0,0.1182,1.0
2019-12-03,79.8,79.99,79.78,79.94,77.0600516254,14916.0,0.0,1.0
2019-12-04,79.9,79.9,79.77,79.84,76.9636542628,38658.0,0.0,1.0
2019-12-05,79.62,79.69,79.57,79.68,76.8094184827,24232.0,0.0,1.0
2019-12-06,79.6,79.68,79.6,79.62,76.7515800652,16975.0,0.0,1.0
2019-12-09,79.68,79.72,79.62,79.65,76.780499274,19028.0,0.0,1.0
2019-12-10,79.7,79.71,79.63,79.66,76.7901390102,17974.0,0.0,1.0
2019-12-11,79.66,79.84,79.66,79.83,76.9540145266,21160.0,0.0,1.0
2019-12-12,79.82,79.83,79.53,79.57,76.7033813839,21221.0,0.0,1.0
2019-12-13,79.61,79.82,79.57,79.81,76.934735054,21768.0,0.0,1.0
2019-12-16,79.8,79.8,79.68,79.73,76.857617164,21471.0,0.0,1.0
2019-12-17,79.77,79.77,79.69,79.73,76.857617164,23577.0,0.0,1.0
2019-12-18,79.71,79.74,79.58,79.64,76.7708595377,205347.0,0.0,1.0
2019-12-19,79.57,79.68,79.53,79.61,76.7419403289,61927.0,0.0,1.0
2019-12-20,79.59,79.66,79.55,79.64,76.7708595377,25798.0,0.0,1.0
2019-12-23,78.64,78.9,78.51,78.55,76.7179373857,67475.0,1.0351,1.0
2019-12-24,78.51,78.66,78.51,78.63,76.7960715039,35421.0,0.0,1.0
2019-12-26,78.65,78.73,78.64,78.73,76.8937391518,41650.0,0.0,1.0
2019-12-27,78.8,78.8,78.74,78.78,76.9425729757,38433.0,0.0,1.0
2019-12-30,78.58,78.65,78.55,78.6,76.7667712096,134684.0,0.0,1.0
2019-12-31,78.65,78.67,78.6,78.62,76.7863047392,20446.0,0.0,1.0
2020-01-02,78.72,78.83,78.7,78.76,76.9230394461,41478.0,0.0,1.0
2020-01-03,78.76,79.02,78.76,79.0,77.157441801,101875.0,0.0,1.0
2020-01-06,79.07,79.07,78.91,78.95,77.1086079771,30179.0,0.0,1.0
2020-01-07,78.95,78.95,78.88,78.88,77.0402406236,22427.0,0.0,1.0
2020-01-08,78.83,78.89,78.7,78.76,76.9230394461,50939.0,0.0,1.0
2020-01-09,78.72,78.82,78.64,78.81,76.9718732701,31455.0,0.0,1.0
2020-01-10,78.87,78.95,78.85,78.91,77.0695409179,56118.0,0.0,1.0
2020-01-13,78.86,78.87,78.8,78.86,77.020707094,29861.0,0.0,1.0
2020-01-14,78.86,78.92,78.86,78.91,77.0695409179,23386.0,0.0,1.0
2020-01-15,79.03,79.06,78.96,79.05,77.2062756249,80092.0,0.0,1.0
2020-01-16,79.03,79.05,79.0,79.04,77.1965088601,34353.0,0.0,1.0
2020-01-17,78.97,79.06,78.97,79.02,77.1769753306,45708.0,0.0,1.0
2020-01-21,79.41,79.41,79.09,79.2,77.3527770967,39150.0,0.0,1.0
2020-01-22,79.23,79.28,79.21,79.27,77.4211444502,31741.0,0.0,1.0
2020-01-23,79.41,79.48,79.4,79.45,77.5969462163,33640.0,0.0,1.0
2020-01-24,79.49,79.64,79.48,79.59,77.7336809233,46791.0,0.0,1.0
2020-01-27,79.87,79.91,79.83,79.9,78.0364506316,49491.0,0.0,1.0
2020-01-28,79.8,79.8,79.7,79.74,77.8801823951,17307.0,0.0,1.0
2020-01-29,79.85,79.96,79.85,79.95,78.0852844556,22875.0,0.0,1.0
2020-01-30,80.0,80.08,79.96,79.99,78.1243515147,36783.0,0.0,1.0
2020-01-31,80.04,80.15,80.04,80.13,78.2610862217,21550.0,0.0,1.0
2020-02-03,79.96,80.03,79.89,80.03,78.2764200424,50751.0,0.1157,1.0
2020-02-04,79.82,79.82,79.71,79.78,78.0318979256,69281.0,0.0,1.0
2020-02-05,79.66,79.67,79.61,79.65,77.9047464248,29870.0,0.0,1.0
2020-02-06,79.63,79.69,79.6,79.66,77.9145273095,49817.0,0.0,1.0
2020-02-07,79.88,79.92,79.82,79.89,78.139487657,36522.0,0.0,1.0
2020-02-10,79.98,80.05,79.94,80.02,78.2666391577,49831.0,0.0,1.0
2020-02-11,80.01,80.01,79.91,79.91,78.1590494263,38051.0,0.0,1.0
2020-02-12,79.85,79.91,79.82,79.85,78.1003641183,73769.0,0.0,1.0
2020-02-13,79.88,79.94,79.86,79.92,78.168830311,24024.0,0.0,1.0
2020-02-14,79.96,80.0,79.91,79.93,78.1786111957,17367.0,0.0,1.0
2020-02-18,80.09,80.15,80.03,80.08,78.3253244658,57598.0,0.0,1.0
2020-02-19,80.05,80.1,80.02,80.09,78.3351053504,32170.0,0.0,1.0
2020-02-20,80.17,80.27,80.09,80.24,78.4818186205,60377.0,0.0,1.0
2020-02-21,80.31,80.5,80.31,80.42,78.6578745447,149912.0,0.0,1.0
2020-02-24,80.66,80.66,80.6,80.61,78.8437113535,40746.0,0.0,1.0
2020-02-25,80.63,80.74,80.61,80.68,78.9121775462,41888.0,0.0,1.0
2020-02-26,80.56,80.7,80.53,80.58,78.8143686994,42887.0,0.0,1.0
2020-02-27,80.76,80.78,80.56,80.6,78.8339304688,42383.0,0.0,1.0
2020-02-28,80.95,80.96,80.82,80.95,79.1762614324,103602.0,0.0,1.0
2020-03-02,80.84,80.96,80.76,80.76,79.0986990169,61181.0,0.1107,1.0
2020-03-03,80.79,81.33,80.75,81.1,79.4317049315,75809.0,0.0,1.0
2020-03-04,81.48,81.48,81.2,81.22,79.5492364308,42970.0,0.0,1.0
2020-03-05,81.33,81.42,81.28,81.3,79.6275907637,62816.0,0.0,1.0
2020-03-06,81.96,81.99,81.6,81.81,80.1270996356,52866.0,0.0,1.0
2020-03-09,82.58,82.58,81.63,81.63,79.9508023867,82768.0,0.0,1.0
2020-03-10,81.19,81.35,80.69,80.72,79.0595218505,88613.0,0.0,1.0
2020-03-11,81.04,81.19,80.05,80.08,78.4326871876,68874.0,0.0,1.0
2020-03-12,79.39,79.5,76.89,77.2,75.6119312049,140319.0,0.0,1.0
2020-03-13,77.34,78.94,77.24,78.51,76.8949834054,78927.0,0.0,1.0
2020-03-16,76.63,78.87,75.75,78.72,77.1006635291,66237.0,0.0,1.0
2020-03-17,78.52,78.7,77.49,77.65,76.0526743272,55791.0,0.0,1.0
2020-03-18,77.0,77.14,75.42,76.21,74.6422963358,96560.0,0.0,1.0
2020-03-19,74.53,76.46,74.0,75.63,74.0742274226,138425.0,0.0,1.0
2020-03-20,75.88,77.49,75.88,76.88,75.2985138734,106734.0,0.0,1.0
2020-03-23,76.16,78.09,76.16,77.68,76.082057202,75111.0,0.0,1.0
2020-03-24,77.65,78.16,77.58,77.95,76.3465030754,208376.0,0.0,1.0
2020-03-25,77.65,78.91,77.65,78.81,77.1888121536,63029.0,0.0,1.0
2020-03-26,78.99,79.32,78.97,79.32,77.6883210255,83899.0,0.0,1.0
2020-03-27,79.31,79.62,79.31,79.47,77.8352353996,39538.0,0.0,1.0
2020-03-30,79.13,80.0,79.13,79.61,77.9723554821,20592.0,0.0,1.0
2020-03-31,79.61,79.93,79.42,79.45,77.8156468164,485823.0,0.0,1.0
2020-04-01,79.23,79.58,79.06,79.1,77.5937081686,37200.0,0.1234,1.0
2020-04-02,78.74,79.46,78.74,79.36,77.8487570197,25758.0,0.0,1.0
2020-04-03,79.51,79.51,79.26,79.41,77.8978048757,15309.0,0.0,1.0
2020-04-06,79.62,79.69,79.4,79.69,78.1724728692,75392.0,0.0,1.0
2020-04-07,79.62,79.75,79.44,79.68,78.162663298,47995.0,0.0,1.0
2020-04-08,79.7,79.76,79.55,79.72,78.2019015828,148852.0,0.0,1.0
2020-04-09,79.79,80.4,79.79,80.3,78.7708567122,63055.0,0.0,1.0
2020-04-13,80.5,80.5,80.06,80.1,78.5746652883,23600.0,0.0,1.0
2020-04-14,80.36,80.36,80.11,80.22,78.6923801427,34529.0,0.0,1.0
2020-04-15,80.2,80.57,80.2,80.57,79.0357151346,25274.0,0.0,1.0
2020-04-16,80.67,80.69,80.5,80.63,79.0945725617,15482.0,0.0,1.0
2020-04-17,80.77,80.77,80.46,80.58,79.0455247058,33438.0,0.0,1.0
2020-04-20,80.35,80.45,80.35,80.44,78.908190709,27308.0,0.0,1.0
2020-04-21,80.4,80.48,80.35,80.47,78.9376194226,20697.0,0.0,1.0
2020-04-22,80.49,80.49,80.28,80.39,78.859142853,36349.0,0.0,1.0
2020-04-23,80.45,80.63,80.41,80.59,79.055334277,13150.0,0.0,1.0
2020-04-24,80.58,80.72,80.52,80.72,79.1828587025,20400.0,0.0,1.0
2020-04-27,80.76,80.76,80.52,80.52,78.9866672786,95864.0,0.0,1.0
2020-04-28,80.83,80.83,80.64,80.75,79.2122874161,24975.0,0.0,1.0
2020-04-29,80.91,80.92,80.76,80.8,79.2613352721,18763.0,0.0,1.0
2020-04-30,81.0,81.0,80.77,80.77,79.2319065585,56632.0,0.0,1.0
2020-05-01,80.86,80.87,80.57,80.68,79.2542723808,13419.0,0.1128,1.0
2020-05-04,80.61,80.78,80.61,80.73,79.3033888114,48289.0,0.0,1.0
2020-05-05,80.81,80.81,80.67,80.72,79.2935655253,30236.0,0.0,1.0
2020-05-06,80.64,80.64,80.33,80.39,78.9693970835,26608.0,0.0,1.0
2020-05-07,81.18,81.18,80.42,80.6,79.1756860919,22807.0,0.0,1.0
2020-05-08,80.61,80.61,80.42,80.43,79.0086902279,14634.0,0.0,1.0
2020-05-11,80.45,80.45,80.17,80.21,78.7925779334,32369.0,0.0,1.0
2020-05-12,80.24,80.51,80.24,80.38,78.9595737974,11579.0,0.0,1.0
2020-05-13,80.62,80.62,80.5,80.53,79.1069230891,20082.0,0.0,1.0
2020-05-14,80.62,80.67,80.55,80.62,79.1953326641,20103.0,0.0,1.0
2020-05-15,80.83,80.83,80.6,80.66,79.2346258086,26299.0,0.0,1.0
2020-05-18,80.7,80.7,80.48,80.51,79.0872765169,29513.0,0.0,1.0
2020-05-19,80.51,80.63,80.5,80.62,79.1953326641,13222.0,0.0,1.0
2020-05-20,80.78,80.87,80.67,80.86,79.4310915309,26700.0,0.0,1.0
2020-05-21,80.97,80.97,80.85,80.9,79.4703846754,32579.0,0.0,1.0
2020-05-22,80.96,80.96,80.85,80.93,79.4998545337,13920.0,0.0,1.0
2020-05-26,80.93,80.93,80.78,80.81,79.3819751003,22816.0,0.0,1.0
2020-05-27,81.04,81.04,80.78,80.95,79.5195011059,21895.0,0.0,1.0
2020-05-28,80.96,80.97,80.87,80.94,79.5096778198,15842.0,0.0,1.0
2020-05-29,81.14,81.16,80.98,81.16,79.7257901144,14681.0,0.0,1.0
2020-06-01,80.91,80.93,80.81,80.87,79.5485780329,26993.0,0.1096,1.0
2020-06-02,80.87,80.98,80.87,80.97,79.6469440252,20938.0,0.0,1.0
2020-06-03,80.86,80.87,80.61,80.72,79.4010290443,39606.0,0.0,1.0
2020-06-04,80.7,80.72,80.6,80.62,79.3026630519,26639.0,0.0,1.0
2020-06-05,80.62,80.66,80.47,80.6,79.2829898534,32648.0,0.0,1.0
2020-06-08,80.68,80.83,80.66,80.8,79.4797218382,44763.0,0.0,1.0
2020-06-09,80.9,80.94,80.83,80.85,79.5289048344,39818.0,0.0,1.0
2020-06-10,80.91,81.07,80.75,81.02,79.6961270214,42521.0,0.0,1.0
2020-06-11,81.21,81.21,81.1,81.13,79.804329613,25203.0,0.0,1.0
2020-06-12,81.19,81.19,81.0,81.11,79.7846564145,25245.0,0.0,1.0
2020-06-15,81.06,81.24,81.06,81.2,79.8731858077,17968.0,0.0,1.0
2020-06-16,81.22,81.22,81.11,81.19,79.8633492084,11968.0,0.0,1.0
2020-06-17,81.31,81.31,81.16,81.24,79.9125322046,207552.0,0.0,1.0
2020-06-18,81.28,81.31,81.26,81.3,79.9715518001,12900.0,0.0,1.0
2020-06-19,81.3,81.33,81.27,81.3,79.9715518001,15160.0,0.0,1.0
2020-06-22,81.47,81.47,81.21,81.26,79.9322054031,51467.0,0.0,1.0
2020-06-23,81.21,81.32,81.2,81.2,79.8731858077,81867.0,0.0,1.0
2020-06-24,81.26,81.3,81.22,81.27,79.9420420023,146863.0,0.0,1.0
2020-06-25,81.36,81.46,81.35,81.41,80.0797543917,16280.0,0.0,1.0
2020-06-26,81.51,81.51,81.39,81.44,80.1092641894,42698.0,0.0,1.0
2020-06-29,81.49,81.5297,81.43,81.495,80.1633654852,157777.0,0.0,1.0
2020-06-30,81.64,81.64,81.41,81.55,80.217466781,41945.0,0.0,1.0
2020-07-01,81.32,81.33,81.18,81.33,80.1066083076,29755.0,0.1073,1.0
2020-07-02,81.43,81.48,81.33,81.46,80.2346528063,151064.0,0.0,1.0
2020-07-06,81.47,81.49,81.39,81.48,80.2543519599,238014.0,0.0,1.0
2020-07-07,81.54,81.61,81.47,81.59,80.362697305,28476.0,0.0,1.0
2020-07-08,81.62,81.62,81.5,81.5,80.2740511136,58722.0,0.0,1.0
2020-07-09,81.69,81.78,81.63,81.69,80.4611930732,42947.0,0.0,1.0
2020-07-10,81.68,81.8,81.64,81.64,80.4119451891,23637.0,0.0,1.0
2020-07-13,81.59,81.59,81.53,81.54,80.3134494209,24472.0,0.0,1.0
2020-07-14,81.61,81.79,81.61,81.74,80.5104409574,15455.0,0.0,1.0
2020-07-15,81.74,81.75,81.68,81.73,80.5005913805,29620.0,0.0,1.0
2020-07-16,81.71,81.88,81.71,81.83,80.5990871488,45626.0,0.0,1.0
2020-07-17,81.85,81.87,81.77,81.81,80.5793879951,29107.0,0.0,1.0
2020-07-20,81.94,81.94,81.81,81.84,80.6089367256,44260.0,0.0,1.0
2020-07-21,81.89,82.0,81.85,81.93,80.697582917,53551.0,0.0,1.0
2020-07-22,82.07,82.15,82.0488,82.07,80.8354769925,45073.0,0.0,1.0
2020-07-23,82.24,82.24,82.1223,82.17,80.9339727608,21762.0,0.0,1.0
2020-07-24,82.14,82.16,82.0431,82.12,80.8847248767,18281.0,0.0,1.0
2020-07-27,82.27,82.27,82.15,82.15,80.9142736071,47547.0,0.0,1.0
2020-07-28,82.25,82.25,82.185,82.2119,80.9752424877,17227.0,0.0,1.0
2020-07-29,82.22,82.24,82.16,82.195,80.9585967028,29082.0,0.0,1.0
2020-07-30,82.38,82.4,82.27,82.29,81.0521676827,62809.0,0.0,1.0
2020-07-31,82.35,82.39,82.29,82.39,81.1506634509,31204.0,0.0,1.0
2020-08-03,82.38,82.38,82.205,82.28,81.1450491921,62875.0,0.1043,1.0
2020-08-04,82.42,82.46,82.28,82.46,81.3225663148,20438.0,0.0,1.0
2020-08-05,82.37,82.37,82.28,82.31,81.1746353792,38574.0,0.0,1.0
2020-08-06,82.46,82.5,82.4,82.415,81.2781870341,29590.0,0.0,1.0
2020-08-07,82.44,82.46,82.31,82.32,81.1844974416,25912.0,0.0,1.0
2020-08-10,82.35,82.4207,82.2,82.21,81.0760147555,70728.0,0.0,1.0
2020-08-11,82.1,82.1,82.0,82.02,80.8886355705,35077.0,0.0,1.0
2020-08-12,82.02,82.02,81.86,81.94,80.8097390715,22093.0,0.0,1.0
2020-08-13,81.82,81.83,81.56,81.7,80.5730495746,22997.0,0.0,1.0
2020-08-14,81.75,81.75,81.58,81.585,80.4596358573,21035.0,0.0,1.0
2020-08-17,81.74,81.83,81.68,81.75,80.6223598864,34574.0,0.0,1.0
2020-08-18,81.83,81.89,81.7405,81.87,80.7407046349,22539.0,0.0,1.0
2020-08-19,81.87,81.93,81.755,81.755,80.6272909176,27877.0,0.0,1.0
2020-08-20,81.97,81.97,81.84,81.89,80.7604287596,20403.0,0.0,1.0
2020-08-21,81.91,81.94,81.8467,81.9296,80.7994825266,372960.0,0.0,1.0
2020-08-24,81.85,81.98,81.85,81.88,80.7505666973,24310.0,0.0,1.0
2020-08-25,81.76,81.76,81.6,81.73,80.6026357617,50891.0,0.0,1.0
2020-08-26,81.72,81.72,81.63,81.71,80.5829116369,21680.0,0.0,1.0
2020-08-27,81.88,81.89,81.5,81.53,80.4053945143,21373.0,0.0,1.0
2020-08-28,81.58,81.58,81.49,81.52,80.3955324519,36410.0,0.0,1.0
2020-08-31,81.54,81.61,81.45,81.59,80.4645668885,28160.0,0.0,1.0
2020-09-01,81.53,81.746,81.47,81.73,80.7030315566,24348.0,0.1018,1.0
2020-09-02,81.8,81.95,81.77,81.94,80.910392827,35942.0,0.0,1.0
2020-09-03,81.98,82.0,81.9,81.95,80.9202671732,60528.0,0.0,1.0
2020-09-04,81.84,81.84,81.6027,81.63,80.6042880946,24045.0,0.0,1.0
2020-09-08,81.66,81.82,81.66,81.68,80.6536598256,38649.0,0.0,1.0
2020-09-09,81.68,81.77,81.65,81.66,80.6339111332,19824.0,0.0,1.0
2020-09-10,81.63,81.7,81.56,81.7,80.673408518,26818.0,0.0,1.0
2020-09-11,81.67,81.84,81.67,81.8202,80.7920981594,21970.0,0.0,1.0
2020-09-14,81.81,81.9,81.81,81.8399,80.8115506215,22684.0,0.0,1.0
2020-09-15,81.86,81.86,81.82,81.83,80.8017750187,13413.0,0.0,1.0
2020-09-16,81.97,81.97,81.74,81.85,80.8215237111,31740.0,0.0,1.0
2020-09-17,81.99,81.99,81.86,81.9,80.8708954422,36702.0,0.0,1.0
2020-09-18,81.96,81.96,81.82,81.82,80.7919006725,40163.0,0.0,1.0
2020-09-21,81.95,81.97,81.85,81.85,80.8215237111,25345.0,0.0,1.0
2020-09-22,81.91,81.92,81.8701,81.89,80.861021096,29195.0,0.0,1.0
2020-09-23,81.87,81.87,81.74,81.74,80.7129059028,52243.0,0.0,1.0
2020-09-24,81.88,81.88,81.75,81.77,80.7425289415,28313.0,0.0,1.0
2020-09-25,81.83,81.84,81.74,81.84,80.8116493649,17293.0,0.0,1.0
2020-09-28,81.86,81.88,81.8141,81.855,80.8264608842,34754.0,0.0,1.0
2020-09-29,81.85,81.95,81.85,81.9303,80.9008147112,20387.0,0.0,1.0
2020-09-30,81.92,81.92,81.721,81.82,80.7919006725,33381.0,0.0,1.0
2020-10-01,81.59,81.8,81.57,81.79,80.8604286352,75133.0,0.0994,1.0
2020-10-02,81.85,81.85,81.73,81.78,80.8505422886,22881.0,0.0,1.0
2020-10-05,81.73,81.73,81.51,81.51,80.5836109311,31039.0,0.0,1.0
2020-10-06,81.61,81.635,81.51,81.55,80.6231563174,21171.0,0.0,1.0
2020-10-07,81.77,81.77,81.51,81.52,80.5934972777,18259.0,0.0,1.0
2020-10-08,81.52,81.67,81.52,81.63,80.70224709,41071.0,0.0,1.0
2020-10-09,81.59,81.73,81.58,81.73,80.8011105557,16204.0,0.0,1.0
2020-10-12,82.0,82.0,81.71,81.765,80.8357127687,20769.0,0.0,1.0
2020-10-13,81.86,81.909,81.78,81.9,80.9691784475,66627.0,0.0,1.0
2020-10-14,82.0,82.0,81.87,81.925,80.9938943139,25033.0,0.0,1.0
2020-10-15,81.95,82.02,81.8901,81.9617,81.0301772059,10918.0,0.0,1.0
2020-10-16,81.96,82.01,81.96,81.975,81.0433260468,35755.0,0.0,1.0
2020-10-19,81.83,81.9486,81.83,81.87,80.9395194078,34392.0,0.0,1.0
2020-10-20,81.9,81.9,81.79,81.8,80.8703149818,37915.0,0.0,1.0
2020-10-21,81.66,81.79,81.65,81.7,80.771451516,27191.0,0.0,1.0
2020-10-22,81.68,81.68,81.5454,81.57,80.6429290105,31352.0,0.0,1.0
2020-10-23,81.6,81.67,81.55,81.66,80.7319061297,25607.0,0.0,1.0
2020-10-26,81.76,81.779,81.71,81.76,80.8307695955,28322.0,0.0,1.0
2020-10-27,81.83,81.93,81.83,81.92,80.9889511407,26543.0,0.0,1.0
2020-10-28,81.98,81.98,81.85,81.87,80.9395194078,26261.0,0.0,1.0
2020-10-29,81.89,81.89,81.71,81.73,80.8011105557,16800.0,0.0,1.0
2020-10-30,81.72,81.7286,81.57,81.58,80.6528153571,26290.0,0.0,1.0
2020-11-02,81.66,81.67,81.6,81.66,80.832153684,35743.0,0.1014,1.0
2020-11-03,81.6,81.61,81.525,81.6,80.7727619473,46942.0,0.0,1.0
2020-11-04,81.87,82.01,81.87,82.0,81.1687068588,20865.0,0.0,1.0
2020-11-05,82.03,82.05,81.93,82.03,81.1984027271,27684.0,0.0,1.0
2020-11-06,81.93,81.93,81.83,81.91,81.0796192537,13648.0,0.0,1.0
2020-11-09,81.6,81.6,81.44,81.46,80.6341812282,59802.0,0.0,1.0
2020-11-10,81.37,81.39,81.31,81.31,80.4857018864,21216.0,0.0,1.0
2020-11-11,81.31,81.46,81.31,81.46,80.6341812282,63624.0,0.0,1.0
2020-11-12,81.5,81.67,81.5,81.62,80.7925591928,33540.0,0.0,1.0
2020-11-13,81.75,81.76,81.69,81.739,80.910352804,26036.0,0.0,1.0
2020-11-16,81.72,81.73,81.65,81.72,80.8915454207,64099.0,0.0,1.0
2020-11-17,81.72,81.86,81.72,81.81,80.9806330258,34583.0,0.0,1.0
2020-11-18,81.89,81.94,81.84,81.9,81.0697206309,19127.0,0.0,1.0
2020-11-19,81.9,82.03,81.9,82.0127,81.1812781097,11704.0,0.0,1.0
2020-11-20,82.02,82.13,82.0,82.115,81.2825410208,24587.0,0.0,1.0
2020-11-23,82.05,82.1,82.04,82.07,81.2379972183,41383.0,0.0,1.0
2020-11-24,82.05,82.07,81.975,82.0,81.1687068588,25301.0,0.0,1.0
2020-11-25,82.08,82.08,81.96,81.99,81.158808236,30959.0,0.0,1.0
2020-11-27,81.97,82.14,81.97,82.14,81.3072875778,12476.0,0.0,1.0
2020-11-30,82.06,82.19,82.06,82.18,81.3468820689,61686.0,0.0,1.0
2020-12-01,81.87,81.9229,81.78,81.81,81.0751648734,43358.0,0.0955,1.0
2020-12-02,81.88,81.88,81.68,81.74,81.0057936286,43192.0,0.0,1.0
2020-12-03,81.8,81.964,81.8,81.88,81.1445361183,63688.0,0.0,1.0
2020-12-04,81.88,81.88,81.77,81.81,81.0751648734,29018.0,0.0,1.0
2020-12-07,82.0,82.0,81.8872,81.95,81.2139073631,39004.0,0.0,1.0
2020-12-08,82.03,82.069,82.0059,82.01,81.2733684301,28081.0,0.0,1.0
2020-12-09,82.01,82.01,81.87,81.92,81.1841768296,34552.0,0.0,1.0
2020-12-10,81.9,82.09,81.9,82.07,81.3328294971,37284.0,0.0,1.0
2020-12-11,82.22,82.26,82.175,82.21,81.4715719868,38005.0,0.0,1.0
2020-12-14,82.06,82.15,82.01,82.11,81.3724702085,85121.0,0.0,1.0
2020-12-15,82.16,82.16,82.108,82.15,81.4121109198,32955.0,0.0,1.0
2020-12-16,82.0,82.06,81.9295,82.05,81.3130091415,36739.0,0.0,1.0
2020-12-17,82.14,82.175,82.0001,82.08,81.342739675,62014.0,0.0,1.0
2020-12-18,82.07,82.1,82.012,82.03,81.2931887858,31883.0,0.0,1.0
2020-12-21,82.15,82.15,82.06,82.085,81.3476947639,37651.0,0.0,1.0
2020-12-22,82.09,82.17,82.0801,82.17,81.4319312755,42518.0,0.0,1.0
2020-12-23,81.86,81.954,81.83,81.93,81.2919004627,59282.0,0.0987,1.0
2020-12-24,81.95,82.0736,81.95,82.0552,81.4161253612,22151.0,0.0,1.0
2020-12-28,82.02,82.09,81.98,82.04,81.4010437442,64523.0,0.0,1.0
2020-12-29,82.09,82.13,82.05,82.11,81.4704985596,32077.0,0.0,1.0
2020-12-30,82.1,82.15,82.04,82.13,81.4903427926,53810.0,0.0,1.0
2020-12-31,82.15,82.21,82.13,82.2,81.5597976081,47202.0,0.0,1.0
2021-01-04,82.12,82.18,82.0516,82.15,81.5101870256,69622.0,0.0,1.0
2021-01-05,82.16,82.16,82.01,82.05,81.4109658606,99512.0,0.0,1.0
2021-01-06,81.91,81.92,81.7,81.8,81.1629129482,96941.0,0.0,1.0
2021-01-07,81.67,81.79,81.67,81.7,81.0636917832,106320.0,0.0,1.0
2021-01-08,81.68,81.71,81.62,81.68,81.0438475502,73871.0,0.0,1.0
2021-01-11,81.57,81.68,81.53,81.56,80.9247821523,51923.0,0.0,1.0
2021-01-12,81.5,81.5,81.3622,81.43,80.7957946378,57792.0,0.0,1.0
2021-01-13,81.6,81.81,81.6,81.75,81.1133023657,35790.0,0.0,1.0
2021-01-14,81.77,81.79,81.6,81.6,80.9644706183,117360.0,0.0,1.0
2021-01-15,81.68,81.71,81.6,81.7,81.0636917832,38915.0,0.0,1.0
2021-01-19,81.68,81.75,81.6073,81.75,81.1133023657,64688.0,0.0,1.0
2021-01-20,81.75,81.76,81.72,81.73,81.0934581327,46206.0,0.0,1.0
2021-01-21,81.64,81.64,81.5285,81.6,80.9644706183,41920.0,0.0,1.0
2021-01-22,81.62,81.62,81.52,81.6,80.9644706183,36968.0,0.0,1.0
2021-01-25,81.64,81.81,81.64,81.79,81.1529908317,67761.0,0.0,1.0
2021-01-26,81.82,81.82,81.76,81.7962,81.1591425439,63807.0,0.0,1.0
2021-01-27,81.79,81.815,81.71,81.7454,81.1087381921,30424.0,0.0,1.0
2021-01-28,81.75,81.75,81.65,81.69,81.0537696667,34475.0,0.0,1.0
2021-01-29,81.54,81.63,81.5,81.5752,80.9398637694,54580.0,0.0,1.0
2021-02-01,81.52,81.58,81.47,81.58,81.037100511,31985.0,0.0932,1.0
2021-02-02,81.41,81.479,81.41,81.455,80.9129323624,37775.0,0.0,1.0
2021-02-03,81.4,81.41,81.355,81.37,80.8284980214,45009.0,0.0,1.0
2021-02-04,81.35,81.36,81.27,81.3,80.7589638581,43906.0,0.0,1.0
2021-02-05,81.32,81.36,81.2415,81.245,80.7043298727,61833.0,0.0,1.0
2021-02-08,81.17,81.32,81.12,81.24,80.6993631468,54266.0,0.0,1.0
2021-02-09,81.31,81.34,81.28,81.2885,80.7475403885,32069.0,0.0,1.0
2021-02-10,81.26,81.33,81.26,81.33,80.7887642138,45855.0,0.0,1.0
2021-02-11,81.4,81.41,81.3058,81.32,80.7788307619,84893.0,0.0,1.0
2021-02-12,81.16,81.16,81.04,81.09,80.5503613685,55529.0,0.0,1.0
2021-02-16,80.87,80.87,80.65,80.68,80.143089841,149488.0,0.0,1.0
2021-02-17,80.69,80.81,80.69,80.8,80.2622912637,189393.0,0.0,1.0
2021-02-18,80.71,80.76,80.665,80.7,80.1629567448,56919.0,0.0,1.0
2021-02-19,80.53,80.59,80.43,80.43,79.8947535438,33710.0,0.0,1.0
2021-02-22,80.38,80.5099,80.31,80.36,79.8252193806,109915.0,0.0,1.0
2021-02-23,80.26,80.2899,80.165,80.25,79.7159514098,42482.0,0.0,1.0
2021-02-24,80.12,80.26,80.0,80.21,79.6762176022,41554.0,0.0,1.0
2021-02-25,80.0,80.0,79.5,79.5,78.9709425181,88697.0,0.0,1.0
2021-02-26,79.82,80.09,79.711,80.07,79.5371492758,39334.0,0.0,1.0
2021-03-01,80.03,80.1998,80.03,80.15,79.7067132995,81374.0,0.0907,1.0
2021-03-02,80.05,80.2242,80.0301,80.19,79.746492071,34266.0,0.0,1.0
2021-03-03,80.09,80.09,79.8801,79.95,79.5078194423,28415.0,0.0,1.0
2021-03-04,80.04,80.04,79.71,79.78,79.3387596636,45111.0,0.0,1.0
2021-03-05,79.8,79.82,79.6644,79.76,79.3188702779,40804.0,0.0,1.0
2021-03-08,79.75,79.75,79.545,79.55,79.1100317277,40760.0,0.0,1.0
2021-03-09,79.82,79.843,79.7597,79.82,79.378538435,19558.0,0.0,1.0
2021-03-10,79.8,79.97,79.78,79.86,79.4183172065,45378.0,0.0,1.0
2021-03-11,79.92,80.0,79.92,79.95,79.5078194423,23510.0,0.0,1.0
2021-03-12,79.66,79.66,79.5384,79.58,79.1398658063,25929.0,0.0,1.0
2021-03-15,79.55,79.7595,79.55,79.74,79.2989808921,30211.0,0.0,1.0
2021-03-16,79.73,79.779,79.62,79.6502,79.2096775502,29331.0,0.0,1.0
2021-03-17,79.51,79.67,79.432,79.61,79.1696998849,33720.0,0.0,1.0
2021-03-18,79.35,79.39,79.25,79.34,78.9011931776,31319.0,0.0,1.0
2021-03-19,79.53,79.53,79.38,79.41,78.9708060276,25799.0,0.0,1.0
2021-03-22,79.55,79.63,79.5001,79.59,79.1498104992,39320.0,0.0,1.0
2021-03-23,79.76,79.8,79.64,79.8,79.3586490493,32851.0,0.0,1.0
2021-03-24,79.77,79.91,79.71,79.91,79.4680406708,19237.0,0.0,1.0
2021-03-25,79.89,79.97,79.83,79.91,79.4680406708,44516.0,0.0,1.0
2021-03-26,79.77,79.85,79.7,79.8,79.3586490493,42339.0,0.0,1.0
2021-03-29,79.67,79.81,79.59,79.64,79.1995339635,30592.0,0.0,1.0
2021-03-30,79.54,79.65,79.46,79.64,79.1995339635,39028.0,0.0,1.0
2021-03-31,79.71,79.73,79.561,79.64,79.1995339635,34329.0,0.0,1.0
2021-04-01,79.75,79.75,79.6201,79.705,79.3546711722,25696.0,0.091,1.0
2021-04-05,79.5,79.63,79.5,79.58,79.2302205869,43710.0,0.0,1.0
2021-04-06,79.73,79.84,79.6843,79.83,79.4791217574,23363.0,0.0,1.0
2021-04-07,79.84,79.86,79.75,79.78,79.4293415233,30200.0,0.0,1.0
2021-04-08,79.84,79.93,79.815,79.86,79.5089898979,37663.0,0.0,1.0
2021-04-09,79.76,79.8396,79.71,79.809,79.4582140591,20826.0,0.0,1.0
2021-04-12,79.76,79.76,79.716,79.72,79.3696052424,25699.0,0.0,1.0
2021-04-13,79.67,79.88,79.67,79.84,79.4890778042,33117.0,0.0,1.0
2021-04-14,79.76,79.84,79.75,79.75,79.3994733829,22797.0,0.0,1.0
2021-04-15,79.89,80.12,79.871,80.02,79.668286647,23464.0,0.0,1.0
2021-04-16,79.89,79.9399,79.85,79.855,79.5040118745,56346.0,0.0,1.0
2021-04-19,79.8,79.84,79.72,79.79,79.4392975701,47266.0,0.0,1.0
2021-04-20,79.84,79.96,79.8,79.95,79.5985943192,39564.0,0.0,1.0
2021-04-21,79.97,80.03,79.95,80.03,79.6782426938,30580.0,0.0,1.0
2021-04-22,79.98,80.0699,79.935,80.05,79.6981547874,28747.0,0.0,1.0
2021-04-23,80.05,80.05,79.95,79.9988,79.6471798277,29794.0,0.0,1.0
2021-04-26,80.0,80.0,79.91,79.9592,79.6077538823,34889.0,0.0,1.0
2021-04-27,79.94,79.94,79.7875,79.82,79.4691657106,32275.0,0.0,1.0
2021-04-28,79.71,79.82,79.71,79.79,79.4392975701,16485.0,0.0,1.0
2021-04-29,79.67,79.7,79.575,79.67,79.3198250083,30888.0,0.0,1.0
2021-04-30,79.72,79.75,79.6927,79.74,79.389517336,15146.0,0.0,1.0
2021-05-03,79.59,79.74,79.59,79.65,79.3862318406,24124.0,0.0867,1.0
2021-05-04,79.71,79.85,79.7,79.74,79.4759337975,61448.0,0.0,1.0
2021-05-05,79.74,79.82,79.71,79.8,79.5357351021,14657.0,0.0,1.0
2021-05-06,79.67,79.86,79.67,79.8335,79.5691241638,26748.0,0.0,1.0
2021-05-07,79.91,79.9432,79.75,79.76,79.4958675657,20663.0,0.0,1.0
2021-05-10,79.8,79.82,79.68,79.69,79.426099377,22514.0,0.0,1.0
2021-05-11,79.75,79.75,79.502,79.53,79.2666292314,19477.0,0.0,1.0
2021-05-12,79.46,79.46,79.23,79.275,79.0124736869,21099.0,0.0,1.0
2021-05-13,79.34,79.38,79.3,79.36,79.0971922017,52332.0,0.0,1.0
2021-05-14,79.43,79.48,79.36,79.4601,79.1969607116,40188.0,0.0,1.0
2021-05-17,79.48,79.48,79.36,79.3974,79.1344683483,14435.0,0.0,1.0
2021-05-18,79.3,79.38,79.28,79.34,79.0772584335,23509.0,0.0,1.0
2021-05-19,79.29,79.41,79.2046,79.28,79.017457129,20834.0,0.0,1.0
2021-05-20,79.28,79.465,79.28,79.46,79.1968610427,15356.0,0.0,1.0
2021-05-21,79.64,79.64,79.471,79.55,79.2865629996,20138.0,0.0,1.0
2021-05-24,79.62,79.64,79.561,79.61,79.3463643042,39155.0,0.0,1.0
2021-05-25,79.68,79.81,79.61,79.795,79.53075166,13658.0,0.0,1.0
2021-05-26,79.83,79.9,79.82,79.875,79.6104867328,32803.0,0.0,1.0
2021-05-27,79.81,79.81,79.64,79.7306,79.4665649264,20823.0,0.0,1.0
2021-05-28,79.78,79.8107,79.73,79.7575,79.4933758446,50199.0,0.0,1.0
2021-06-01,79.65,79.68,79.51,79.6326,79.4577940684,38975.0,0.0892,1.0
2021-06-02,79.62,79.74,79.62,79.72,79.5450022118,28237.0,0.0,1.0
2021-06-03,79.62,79.64,79.61,79.61,79.4352436789,17928.0,0.0,1.0
2021-06-04,79.72,79.85,79.67,79.8142,79.6389954282,21873.0,0.0,1.0
2021-06-07,79.81,79.81,79.735,79.795,79.6198375752,14039.0,0.0,1.0
2021-06-08,79.8,79.9196,79.8,79.87,79.6946729385,15502.0,0.0,1.0
2021-06-09,80.01,80.1104,80.01,80.09,79.9141900043,26207.0,0.0,1.0
2021-06-10,79.99,80.14,79.98,80.14,79.9640802466,28210.0,0.0,1.0
2021-06-11,80.32,80.32,80.2055,80.25,80.0738387795,18125.0,0.0,1.0
2021-06-14,80.1,80.1432,80.0,80.035,79.8593107379,28227.0,0.0,1.0
2021-06-15,80.01,80.04,79.9401,80.0,79.8243875683,31505.0,0.0,1.0
2021-06-16,80.07,80.1,79.8,79.87,79.6946729385,33250.0,0.0,1.0
2021-06-17,79.86,80.09,79.8,80.0,79.8243875683,71378.0,0.0,1.0
2021-06-18,80.01,80.17,80.01,80.125,79.9491131739,17622.0,0.0,1.0
2021-06-21,80.13,80.13,79.9501,79.97,79.794453423,29382.0,0.0,1.0
2021-06-22,80.0,80.01,79.88,79.996,79.8203963489,45382.0,0.0,1.0
2021-06-23,80.03,80.05,79.942,79.96,79.7844753745,87687.0,0.0,1.0
2021-06-24,79.96,80.0499,79.96,80.0141,79.8384566166,17972.0,0.0,1.0
2021-06-25,80.04,80.04,79.8188,79.85,79.6747168416,34932.0,0.0,1.0
2021-06-28,80.0,80.11,79.95,80.08,79.9042119559,77666.0,0.0,1.0
2021-06-29,80.01,80.065,80.0,80.045,79.8692887863,14928.0,0.0,1.0
2021-06-30,80.16,80.23,80.13,80.19,80.0139704888,19452.0,0.0,1.0
2021-07-01,80.07,80.0787,80.01,80.0787,79.9913203188,22877.0,0.0886,1.0
2021-07-02,80.17,80.25,80.16,80.235,80.1474497685,13650.0,0.0,1.0
2021-07-06,80.31,80.4774,80.27,80.43,80.3422369899,42923.0,0.0,1.0
2021-07-07,80.5,80.6301,80.48,80.59,80.5020624023,16810.0,0.0,1.0
2021-07-08,80.6,80.72,80.6,80.6001,80.5121513814,24387.0,0.0,1.0
2021-07-09,80.52,80.52,80.4,80.4,80.3122697251,43004.0,0.0,1.0
2021-07-12,80.56,80.56,80.43,80.48,80.3921824313,22890.0,0.0,1.0
2021-07-13,80.52,80.569,80.31,80.31,80.2223679306,22111.0,0.0,1.0
2021-07-14,80.46,80.55,80.46,80.545,80.457111505,24020.0,0.0,1.0
2021-07-15,80.71,80.71,80.56,80.69,80.601953285,15523.0,0.0,1.0
2021-07-16,80.66,80.7484,80.62,80.735,80.6469041823,17538.0,0.0,1.0
2021-07-19,80.92,81.0799,80.92,81.015,80.9265986539,36557.0,0.0,1.0
2021-07-20,81.23,81.24,80.98,81.01,80.9216041098,17148.0,0.0,1.0
2021-07-21,80.9,80.91,80.81,80.85,80.7617786974,18027.0,0.0,1.0
2021-07-22,80.81,80.975,80.81,80.91,80.8217132271,13901.0,0.0,1.0
2021-07-23,80.9,80.96,80.83,80.96,80.8716586684,19859.0,0.0,1.0
2021-07-26,81.05,81.05,80.91,80.92,80.8317023153,20661.0,0.0,1.0
2021-07-27,81.08,81.08,80.9918,81.06,80.9715495512,15673.0,0.0,1.0
2021-07-28,81.03,81.059,80.95,81.05,80.9615604629,15854.0,0.0,1.0
2021-07-29,81.05,81.07,80.945,81.07,80.9815386394,68683.0,0.0,1.0
2021-07-30,81.12,81.1406,81.065,81.12,81.0314840808,16253.0,0.0,1.0
2021-08-02,81.13,81.235,81.045,81.2,81.2,30767.0,0.0887,1.0
2021-08-03,81.26,81.26,81.1801,81.25,81.25,20751.0,0.0,1.0
2021-08-04,81.37,81.37,81.08,81.28,81.28,16672.0,0.0,1.0
2021-08-05,81.29,81.29,81.14,81.1676,81.1676,15548.0,0.0,1.0
2021-08-06,80.95,80.96,80.84,80.885,80.885,31555.0,0.0,1.0
2021-08-09,80.98,80.999,80.81,80.819,80.819,22030.0,0.0,1.0
2021-08-10,80.9,80.9,80.77,80.77,80.77,23399.0,0.0,1.0
